{"chunk_definitions":[{"row":26,"row_count":1,"visible":true,"expansion_state":0,"options":{"engine":"r","label":"setup","include":false},"document_id":"6BBB442D","chunk_id":"csetup_chunk","chunk_label":"setup"},{"row":37,"row_count":1,"visible":true,"expansion_state":0,"options":{"engine":"r","include":false,"eval":false,"echo":false,"label":"unnamed-chunk-4"},"document_id":"6BBB442D","chunk_id":"czpmu928hd79m","chunk_label":"unnamed-chunk-1"},{"row":46,"row_count":1,"visible":true,"expansion_state":0,"options":{"engine":"r","error":false,"warning":false,"message":false,"label":"unnamed-chunk-6"},"document_id":"6BBB442D","chunk_id":"c5dt1hzza4c6a","chunk_label":"unnamed-chunk-2"},{"row":83,"row_count":1,"visible":true,"expansion_state":0,"options":{},"document_id":"6BBB442D","chunk_id":"cdhd4m2hl0zbx","chunk_label":"unnamed-chunk-3"},{"row":90,"row_count":1,"visible":true,"expansion_state":0,"options":{},"document_id":"6BBB442D","chunk_id":"c3hlzu6jhns74","chunk_label":"unnamed-chunk-4"},{"row":101,"row_count":1,"visible":true,"expansion_state":0,"options":{},"document_id":"6BBB442D","chunk_id":"ceqljap0sqhdw","chunk_label":"unnamed-chunk-5"},{"row":115,"row_count":1,"visible":true,"expansion_state":0,"options":{},"document_id":"6BBB442D","chunk_id":"cwkprrwxvf6l1","chunk_label":"unnamed-chunk-6"},{"row":126,"row_count":1,"visible":true,"expansion_state":0,"options":{},"document_id":"6BBB442D","chunk_id":"cii734tv4p96x","chunk_label":"unnamed-chunk-7"},{"row":169,"row_count":1,"visible":true,"expansion_state":0,"options":{},"document_id":"6BBB442D","chunk_id":"cr6um39t7wi4f","chunk_label":"unnamed-chunk-8"},{"row":173,"row_count":1,"visible":true,"expansion_state":0,"options":{},"document_id":"6BBB442D","chunk_id":"cz35me7zmyxcd","chunk_label":"unnamed-chunk-9"},{"row":192,"row_count":1,"visible":true,"expansion_state":0,"options":{},"document_id":"6BBB442D","chunk_id":"cvq48uwi91c47","chunk_label":"unnamed-chunk-10"},{"row":209,"row_count":1,"visible":true,"expansion_state":0,"options":{},"document_id":"6BBB442D","chunk_id":"cqrb7f2hb8sg2","chunk_label":"unnamed-chunk-11"},{"row":217,"row_count":1,"visible":true,"expansion_state":0,"options":{},"document_id":"6BBB442D","chunk_id":"cxcqxxn96x8ye","chunk_label":"unnamed-chunk-12"},{"row":231,"row_count":1,"visible":true,"expansion_state":0,"options":{},"document_id":"6BBB442D","chunk_id":"cz4m26hmrum4o","chunk_label":"unnamed-chunk-13"},{"row":241,"row_count":1,"visible":true,"expansion_state":0,"options":{},"document_id":"6BBB442D","chunk_id":"c4mgg2e4twvjg","chunk_label":"unnamed-chunk-14"},{"row":283,"row_count":1,"visible":true,"expansion_state":0,"options":{},"document_id":"6BBB442D","chunk_id":"cx76f8q32uzuy","chunk_label":"unnamed-chunk-15"},{"row":287,"row_count":1,"visible":true,"expansion_state":0,"options":{},"document_id":"6BBB442D","chunk_id":"cj9h1u8gbdg20","chunk_label":"unnamed-chunk-16"},{"row":307,"row_count":1,"visible":true,"expansion_state":0,"options":{},"document_id":"6BBB442D","chunk_id":"cd3yndm9gt0p0","chunk_label":"unnamed-chunk-17"},{"row":335,"row_count":1,"visible":true,"expansion_state":0,"options":{},"document_id":"6BBB442D","chunk_id":"c82bum9u8xcva","chunk_label":"unnamed-chunk-18"},{"row":341,"row_count":1,"visible":true,"expansion_state":0,"options":{},"document_id":"6BBB442D","chunk_id":"cerzu4yp6p5h2","chunk_label":"unnamed-chunk-19"},{"row":350,"row_count":1,"visible":true,"expansion_state":0,"options":{},"document_id":"6BBB442D","chunk_id":"chen5zihi7emg","chunk_label":"unnamed-chunk-20"},{"row":363,"row_count":1,"visible":true,"expansion_state":0,"options":{},"document_id":"6BBB442D","chunk_id":"ckb1b1cfnrxr3","chunk_label":"unnamed-chunk-21"},{"row":370,"row_count":1,"visible":true,"expansion_state":0,"options":{},"document_id":"6BBB442D","chunk_id":"ca2e14rgffpf0","chunk_label":"unnamed-chunk-22"},{"row":412,"row_count":1,"visible":true,"expansion_state":0,"options":{},"document_id":"6BBB442D","chunk_id":"cj422r7fk9hs3","chunk_label":"unnamed-chunk-23"},{"row":429,"row_count":1,"visible":true,"expansion_state":0,"options":{},"document_id":"6BBB442D","chunk_id":"cwslizdtb1eth","chunk_label":"unnamed-chunk-24"},{"row":442,"row_count":1,"visible":true,"expansion_state":0,"options":{},"document_id":"6BBB442D","chunk_id":"c89t2fc1ayflf","chunk_label":"unnamed-chunk-25"},{"row":447,"row_count":1,"visible":true,"expansion_state":0,"options":{},"document_id":"6BBB442D","chunk_id":"cku9lum8uftvz","chunk_label":"unnamed-chunk-26"},{"row":460,"row_count":1,"visible":true,"expansion_state":0,"options":{},"document_id":"6BBB442D","chunk_id":"c6x17dc422hac","chunk_label":"unnamed-chunk-27"},{"row":467,"row_count":1,"visible":true,"expansion_state":0,"options":{},"document_id":"6BBB442D","chunk_id":"cyjtj25ebdqk5","chunk_label":"unnamed-chunk-28"},{"row":509,"row_count":1,"visible":true,"expansion_state":0,"options":{},"document_id":"6BBB442D","chunk_id":"cj1squzern43r","chunk_label":"unnamed-chunk-29"},{"row":526,"row_count":1,"visible":true,"expansion_state":0,"options":{},"document_id":"6BBB442D","chunk_id":"c9mqf65t6id98","chunk_label":"unnamed-chunk-30"},{"row":537,"row_count":1,"visible":true,"expansion_state":0,"options":{},"document_id":"6BBB442D","chunk_id":"cyhnpthn3u4wf","chunk_label":"unnamed-chunk-31"},{"row":560,"row_count":1,"visible":true,"expansion_state":0,"options":{},"document_id":"6BBB442D","chunk_id":"c96nnslue1f4r","chunk_label":"unnamed-chunk-32"},{"row":575,"row_count":1,"visible":true,"expansion_state":0,"options":{},"document_id":"6BBB442D","chunk_id":"cngmz6k90kmo6","chunk_label":"unnamed-chunk-33"}],"doc_write_time":1651600788,"working_dir":null,"default_chunk_options":{"echo":true,"fig.width":10.0,"fig.height":6.0}}