"0","#Multicolinéarité"
"0","VIF <- vif(modLin.AQ) ; cat(""Variance Inflation Factor :\n""); print(VIF,ncol=1)"
"1","Variance Inflation Factor :
"
"1"," Solar.R "
"1","    Wind "
"1","    Temp "
"1","   Month "
"1","     Day "
"1","
"
"1","1.152087 "
"1","1.329317 "
"1","1.722477 "
"1","1.257273 "
"1","1.011105 "
"1","
"
"0","#Coefficient de détermination R²"
"0","cat(paste("" Coefficient de détermination (R²) =""), "
"0","    1-modLin.AQ$deviance/modLin.AQ$null.deviance,"
"0","    ""\n"")"
"1"," Coefficient de détermination (R²) ="
"1"," "
"1","0.6249408"
"1"," "
"1","
"
"0","cat(paste("" Coefficient de prédictivité (Q²) =""),"
"0","    1-cv.glm(data.AQ,modLin.AQ)$delta[1]/var(Y),"
"0","    ""\n"")"
"1"," Coefficient de prédictivité (Q²) ="
"1"," "
"1","0.5819129"
"1"," "
"1","
"
