{"chunk_definitions":[{"row":26,"row_count":1,"visible":true,"expansion_state":0,"options":{"engine":"r","label":"setup","include":false},"document_id":"6BBB442D","chunk_id":"csetup_chunk","chunk_label":"setup"},{"row":37,"row_count":1,"visible":true,"expansion_state":0,"options":{"engine":"r","include":false,"eval":false,"echo":false,"label":"unnamed-chunk-4"},"document_id":"6BBB442D","chunk_id":"czpmu928hd79m","chunk_label":"unnamed-chunk-1"},{"row":46,"row_count":1,"visible":true,"expansion_state":0,"options":{"engine":"r","error":false,"warning":false,"message":false,"label":"unnamed-chunk-6"},"document_id":"6BBB442D","chunk_id":"c5dt1hzza4c6a","chunk_label":"unnamed-chunk-2"}],"doc_write_time":1651652303,"working_dir":null,"default_chunk_options":{"echo":true,"fig.width":10.0,"fig.height":6.0}}