"0","#Multicolinéarité"
"0","VIF <- vif(model) ; cat(""Variance Inflation Factor :\n""); print(VIF,ncol=1)"
"1","Variance Inflation Factor :
"
"1","      X1 "
"1","      X2 "
"1","      X3 "
"1","      X4 "
"1","
"
"1","1.029767 "
"1","1.004628 "
"1","9.741079 "
"1","9.654774 "
"1","
"
"0","#Coefficient de détermination R²"
"0","cat(paste("" Coefficient de détermination (R²) =""), "
"0","    1-model$deviance/model$null.deviance,"
"0","    ""\n"")"
"1"," Coefficient de détermination (R²) ="
"1"," "
"1","0.9998233"
"1"," "
"1","
"
"0","cat(paste("" Coefficient de prédictivité (Q²) =""),"
"0","    1-cv.glm(data,model)$delta[1]/var(Y),"
"0","    ""\n"")"
"1"," Coefficient de prédictivité (Q²) ="
"1"," "
"1","0.999805"
"1"," "
"1","
"
