{"chunk_definitions":[{"row":26,"row_count":1,"visible":true,"expansion_state":0,"options":{"engine":"r","label":"setup","include":false},"document_id":"6BBB442D","chunk_id":"csetup_chunk","chunk_label":"setup"},{"row":37,"row_count":1,"visible":true,"expansion_state":0,"options":{"engine":"r","include":false,"eval":false,"echo":false,"label":"unnamed-chunk-4"},"document_id":"6BBB442D","chunk_id":"czpmu928hd79m","chunk_label":"unnamed-chunk-1"},{"row":46,"row_count":1,"visible":true,"expansion_state":0,"options":{"engine":"r","error":false,"warning":false,"message":false,"label":"unnamed-chunk-2"},"document_id":"6BBB442D","chunk_id":"c5dt1hzza4c6a","chunk_label":"unnamed-chunk-2"},{"row":83,"row_count":1,"visible":true,"expansion_state":0,"options":{"engine":"r","label":"unnamed-chunk-3"},"document_id":"6BBB442D","chunk_id":"chvhr6aci5eyb","chunk_label":"unnamed-chunk-3"},{"row":90,"row_count":1,"visible":true,"expansion_state":0,"options":{"engine":"r","label":"unnamed-chunk-4"},"document_id":"6BBB442D","chunk_id":"c34ugn5oa5hbq","chunk_label":"unnamed-chunk-4"},{"row":101,"row_count":1,"visible":true,"expansion_state":0,"options":{"engine":"r","label":"unnamed-chunk-5"},"document_id":"6BBB442D","chunk_id":"cs7igxqmlr09k","chunk_label":"unnamed-chunk-5"},{"row":115,"row_count":1,"visible":true,"expansion_state":0,"options":{"engine":"r","label":"unnamed-chunk-6"},"document_id":"6BBB442D","chunk_id":"c2ebpgoor2q55","chunk_label":"unnamed-chunk-6"},{"row":126,"row_count":1,"visible":true,"expansion_state":0,"options":{"engine":"r","label":"unnamed-chunk-7"},"document_id":"6BBB442D","chunk_id":"czknwmbgi1lpn","chunk_label":"unnamed-chunk-7"},{"row":169,"row_count":1,"visible":true,"expansion_state":0,"options":{"engine":"r","results":false,"label":"unnamed-chunk-8"},"document_id":"6BBB442D","chunk_id":"cjoqu7erdj0rx","chunk_label":"unnamed-chunk-8"},{"row":173,"row_count":1,"visible":true,"expansion_state":0,"options":{"engine":"r","label":"unnamed-chunk-9"},"document_id":"6BBB442D","chunk_id":"cwuarzl9evfm7","chunk_label":"unnamed-chunk-9"},{"row":192,"row_count":1,"visible":true,"expansion_state":0,"options":{"engine":"r","label":"unnamed-chunk-10"},"document_id":"6BBB442D","chunk_id":"cqko8dhfvp56v","chunk_label":"unnamed-chunk-10"},{"row":209,"row_count":1,"visible":true,"expansion_state":0,"options":{"engine":"r","label":"unnamed-chunk-11"},"document_id":"6BBB442D","chunk_id":"c1xyivc126g5h","chunk_label":"unnamed-chunk-11"},{"row":217,"row_count":1,"visible":true,"expansion_state":0,"options":{"engine":"r","label":"unnamed-chunk-12"},"document_id":"6BBB442D","chunk_id":"ci7mnbakzksyk","chunk_label":"unnamed-chunk-12"},{"row":231,"row_count":1,"visible":true,"expansion_state":0,"options":{"engine":"r","label":"unnamed-chunk-13"},"document_id":"6BBB442D","chunk_id":"cnljqd5p31exr","chunk_label":"unnamed-chunk-13"},{"row":241,"row_count":1,"visible":true,"expansion_state":0,"options":{"engine":"r","label":"unnamed-chunk-14"},"document_id":"6BBB442D","chunk_id":"c0g6yxrtmhrrc","chunk_label":"unnamed-chunk-14"},{"row":283,"row_count":1,"visible":true,"expansion_state":0,"options":{"engine":"r","results":false,"label":"unnamed-chunk-15"},"document_id":"6BBB442D","chunk_id":"cwz1ulxrnfxud","chunk_label":"unnamed-chunk-15"},{"row":287,"row_count":1,"visible":true,"expansion_state":0,"options":{"engine":"r","label":"unnamed-chunk-16"},"document_id":"6BBB442D","chunk_id":"cf17czmal1bem","chunk_label":"unnamed-chunk-16"},{"row":307,"row_count":1,"visible":true,"expansion_state":0,"options":{"engine":"r","label":"unnamed-chunk-17"},"document_id":"6BBB442D","chunk_id":"c2iwwh79405kj","chunk_label":"unnamed-chunk-17"},{"row":335,"row_count":1,"visible":true,"expansion_state":0,"options":{"engine":"r","label":"unnamed-chunk-18"},"document_id":"6BBB442D","chunk_id":"cc1sdzudncf57","chunk_label":"unnamed-chunk-18"},{"row":341,"row_count":1,"visible":true,"expansion_state":0,"options":{"engine":"r","label":"unnamed-chunk-19"},"document_id":"6BBB442D","chunk_id":"cbtvx18y152f0","chunk_label":"unnamed-chunk-19"},{"row":350,"row_count":1,"visible":true,"expansion_state":0,"options":{"engine":"r","label":"unnamed-chunk-20"},"document_id":"6BBB442D","chunk_id":"cyjgkqz4ead4s","chunk_label":"unnamed-chunk-20"},{"row":363,"row_count":1,"visible":true,"expansion_state":0,"options":{"engine":"r","label":"unnamed-chunk-21"},"document_id":"6BBB442D","chunk_id":"c78j4kcs47rfj","chunk_label":"unnamed-chunk-21"},{"row":370,"row_count":1,"visible":true,"expansion_state":0,"options":{"engine":"r","label":"unnamed-chunk-22"},"document_id":"6BBB442D","chunk_id":"cxzp9ulygpr5r","chunk_label":"unnamed-chunk-22"},{"row":412,"row_count":1,"visible":true,"expansion_state":0,"options":{"engine":"r","results":false,"label":"unnamed-chunk-23"},"document_id":"6BBB442D","chunk_id":"c2owd7dv3ofzo","chunk_label":"unnamed-chunk-23"},{"row":429,"row_count":1,"visible":true,"expansion_state":0,"options":{"engine":"r","label":"unnamed-chunk-24"},"document_id":"6BBB442D","chunk_id":"c0tyw3cxwwgoh","chunk_label":"unnamed-chunk-24"},{"row":442,"row_count":1,"visible":true,"expansion_state":0,"options":{"engine":"r","label":"unnamed-chunk-25"},"document_id":"6BBB442D","chunk_id":"c6dt4go09quws","chunk_label":"unnamed-chunk-25"},{"row":447,"row_count":1,"visible":true,"expansion_state":0,"options":{"engine":"r","label":"unnamed-chunk-26"},"document_id":"6BBB442D","chunk_id":"ctu5xjltpkw71","chunk_label":"unnamed-chunk-26"},{"row":460,"row_count":1,"visible":true,"expansion_state":0,"options":{"engine":"r","label":"unnamed-chunk-27"},"document_id":"6BBB442D","chunk_id":"c5a25isda0x8m","chunk_label":"unnamed-chunk-27"},{"row":467,"row_count":1,"visible":true,"expansion_state":0,"options":{"engine":"r","label":"unnamed-chunk-28"},"document_id":"6BBB442D","chunk_id":"ctu0lzplc2mj8","chunk_label":"unnamed-chunk-28"},{"row":509,"row_count":1,"visible":true,"expansion_state":0,"options":{"engine":"r","results":false,"label":"unnamed-chunk-29"},"document_id":"6BBB442D","chunk_id":"ctp2eg19tap1u","chunk_label":"unnamed-chunk-29"},{"row":526,"row_count":1,"visible":true,"expansion_state":0,"options":{"engine":"r","label":"unnamed-chunk-30"},"document_id":"6BBB442D","chunk_id":"cxchl5pa09ww0","chunk_label":"unnamed-chunk-30"},{"row":537,"row_count":1,"visible":true,"expansion_state":0,"options":{"engine":"r","label":"unnamed-chunk-31"},"document_id":"6BBB442D","chunk_id":"cftiydnl2hjpu","chunk_label":"unnamed-chunk-31"},{"row":560,"row_count":1,"visible":true,"expansion_state":0,"options":{"engine":"r","label":"unnamed-chunk-32"},"document_id":"6BBB442D","chunk_id":"coegvts0htqig","chunk_label":"unnamed-chunk-32"},{"row":575,"row_count":1,"visible":true,"expansion_state":0,"options":{"engine":"r","label":"unnamed-chunk-33"},"document_id":"6BBB442D","chunk_id":"czg79smfldcr4","chunk_label":"unnamed-chunk-33"},{"row":586,"row_count":1,"visible":true,"expansion_state":0,"options":{"engine":"r","label":"unnamed-chunk-34"},"document_id":"6BBB442D","chunk_id":"c00rqpgz8ffwi","chunk_label":"unnamed-chunk-34"}],"doc_write_time":1651652303,"working_dir":null,"default_chunk_options":{"echo":true,"fig.width":10.0,"fig.height":6.0},"chunk_rendered_width":400}