"0","#Multicolinéarité"
"0","VIF <- vif(modLin.BH) ; cat(""Variance Inflation Factor :\n""); print(VIF,ncol=1)"
"1","Variance Inflation Factor :
"
"1","    crim "
"1","      zn "
"1","   indus "
"1","     nox "
"1","      rm "
"1","     age "
"1","     dis "
"1","     rad "
"1","     tax "
"1"," ptratio "
"1","       b "
"1","   lstat "
"1","
"
"1","1.787705 "
"1","2.298257 "
"1","3.949246 "
"1","4.388775 "
"1","1.931865 "
"1","3.092832 "
"1","3.954961 "
"1","7.397844 "
"1","8.876233 "
"1","1.783302 "
"1","1.344971 "
"1","2.931101 "
"1","
"
"0","#Coefficient de détermination R²"
"0","cat(paste("" Coefficient de détermination (R²) =""), "
"0","    1-modLin.BH$deviance/modLin.BH$null.deviance,"
"0","    ""\n"")"
"1"," Coefficient de détermination (R²) ="
"1"," "
"1","0.7392834"
"1"," "
"1","
"
"0","cat(paste("" Coefficient de prédictivité (Q²) =""),"
"0","    1-cv.glm(data.BH,modLin.BH)$delta[1]/var(Y),"
"0","    ""\n"")"
"1"," Coefficient de prédictivité (Q²) ="
"1"," "
"1","0.7208067"
"1"," "
"1","
"
